{
  "name": "angular-sanitize",
  "version": "1.7.3",
  "license": "MIT",
  "main": "./angular-sanitize.js",
  "ignore": [],
  "dependencies": {
    "angular": "1.7.3"
  },
  "homepage": "https://github.com/angular/bower-angular-sanitize",
  "_release": "1.7.3",
  "_resolution": {
    "type": "version",
    "tag": "v1.7.3",
    "commit": "c9dda9363c5439f1052c0646df9cb06449718d75"
  },
  "_source": "https://github.com/angular/bower-angular-sanitize.git",
  "_target": ">=1.3.1",
  "_originalSource": "angular-sanitize"
}