{
  "name": "angular-route",
  "version": "1.7.3",
  "license": "MIT",
  "main": "./angular-route.js",
  "ignore": [],
  "dependencies": {
    "angular": "1.7.3"
  },
  "homepage": "https://github.com/angular/bower-angular-route",
  "_release": "1.7.3",
  "_resolution": {
    "type": "version",
    "tag": "v1.7.3",
    "commit": "ebfa686d3572eeede8396b5a36060b6b5ea10c47"
  },
  "_source": "https://github.com/angular/bower-angular-route.git",
  "_target": "*",
  "_originalSource": "angular-route"
}