{
  "name": "angular-animate",
  "version": "1.7.3",
  "license": "MIT",
  "main": "./angular-animate.js",
  "ignore": [],
  "dependencies": {
    "angular": "1.7.3"
  },
  "homepage": "https://github.com/angular/bower-angular-animate",
  "_release": "1.7.3",
  "_resolution": {
    "type": "version",
    "tag": "v1.7.3",
    "commit": "730f99a93d959771d40f4893d5f7279f4c79b7cc"
  },
  "_source": "https://github.com/angular/bower-angular-animate.git",
  "_target": "*",
  "_originalSource": "angular-animate"
}